entropy,num_steps,dataset,lim_entropy
7.221923,1,wikitext,15.617036934287741
13.608644,2,wikitext,31.234073868575482
19.764172,3,wikitext,46.851110802863225
25.842842,4,wikitext,62.468147737150964
31.953264,5,wikitext,78.08518467143871
