entropy,num_steps,dataset,lim_entropy
6.72535,1,wikitext,15.617036934287741
12.893677,2,wikitext,31.234073868575482
19.088594,3,wikitext,46.851110802863225
25.22622,4,wikitext,62.468147737150964
31.254194,5,wikitext,78.08518467143871
